{
    "micro_IoU": 0.7153908444743342,
    "micro_Precision": 0.8340849512853254,
    "micro_Recall": 0.8340849512853254,
    "micro_F1-score": 0.8340849512853254,
    "MACRO_IoU": 0.6294697102340846,
    "MACRO_Precision": 0.7772196792956264,
    "MACRO_Recall": 0.7400010114689021,
    "MACRO_F1-score": 0.7555848477829238,
    "Accuracy": 0.8340849512853254
}